id,first_name,last_name,email,gender,age
1,Dorothy,Verryan,dverryan0@who.int,Non-binary,1
2,Pietrek,Scanlin,pscanlin1@yolasite.com,Male,91
3,Lilith,Sarjeant,lsarjeant2@creativecommons.org,Genderfluid,1233
4,Knox,Cunningham,kcunningham3@yellowpages.com,Genderfluid,6
5,Mohammed,Habbershon,mhabbershon4@sourceforge.net,Female,48
6,Glynn,Ebbing,gebbing5@rakuten.co.jp,Genderfluid,77
7,Wendy,Popland,wpopland6@cbc.ca,Genderfluid,67
8,Nye,Anthiftle,nanthiftle7@examiner.com,Agender,99
9,Der,Neames,dneames8@ycombinator.com,Bigender,77
10,David,Meredyth,dmeredyth9@telegraph.co.uk,Female,68
11,Elijah,Heine,eheinea@imdb.com,Bigender,-85
12,Raffaello,Firminger,rfirmingerb@bloomberg.com,Female,74
13,Kristan,Abriani,kabrianic@phoca.cz,Polygender,29
14,Mariana,Shevels,mshevelsd@msn.com,Agender,60
15,Suzy,Bortoli,sbortolie@opera.com,Agender,100
16,Anny,Rodway,arodwayf@examiner.com,Non-binary,87
17,Byram,Martynikhin,bmartynikhing@jiathis.com,Male,40
18,Artemus,Shovelin,ashovelinh@sphinn.com,Non-binary,58
19,Luisa,Bradborne,lbradbornei@fema.gov,Female,-75
20,Arlie,Mintram,amintramj@soundcloud.com,Bigender,41
21,Levin,Worner,lwornerk@ihg.com,Genderqueer,-43
22,Ray,Padly,rpadlyl@twitpic.com,Male,85
23,Linnell,Picot,lpicotm@biblegateway.com,Genderfluid,79
24,Mart,Brosel,mbroseln@cdc.gov,Genderfluid,22
25,Phaedra,Guslon,pguslono@studiopress.com,Genderqueer,18
26,Ephrayim,Westmacott,ewestmacottp@ning.com,Male,77
27,Natalee,Baudone,nbaudoneq@marriott.com,Genderqueer,74
28,Philipa,Dron,pdronr@people.com.cn,Genderqueer,52
29,Biron,Acklands,backlandss@comsenz.com,Male,13
30,Linn,Mc Mechan,lmcmechant@sina.com.cn,Genderfluid,33
31,Barbabas,Ginnety,bginnetyu@oaic.gov.au,Genderqueer,87
32,Mirabelle,Matthewson,mmatthewsonv@list-manage.com,Agender,44
33,Ebenezer,Greeves,egreevesw@myspace.com,Male,-26
34,Brooks,Vose,bvosex@amazon.com,Female,34
35,Deeanne,Iamittii,diamittiiy@nifty.com,Bigender,39
36,Axe,Arundel,aarundelz@yahoo.com,Female,14
37,Daisie,Self,dself10@addthis.com,Agender,33
38,Hana,Langwade,hlangwade11@washingtonpost.com,Genderqueer,-42
39,Godard,Miere,gmiere12@1688.com,Polygender,3434
40,Moria,Boullin,mboullin13@illinois.edu,Agender,8
41,Katheryn,Ashleigh,kashleigh14@devhub.com,Agender,36
42,Dermot,Dragge,ddragge15@google.co.jp,Genderfluid,37
43,Bili,Swetenham,bswetenham16@europa.eu,Male,23
44,Marice,Champneys,mchampneys17@bigcartel.com,Bigender,49
45,Koralle,Pumphreys,kpumphreys18@issuu.com,Polygender,38
46,Alvira,Stollsteiner,astollsteiner19@mysql.com,Male,66
47,Cleve,Sparshatt,csparshatt1a@economist.com,Genderfluid,333
48,Sutherlan,Duigan,sduigan1b@ask.com,Non-binary,27
49,Trace,Stockney,tstockney1c@flavors.me,Female,344
50,Bartolomeo,Heffron,bheffron1d@bluehost.com,Agender,9
51,Gwendolin,Kennion,gkennion1e@independent.co.uk,Bigender,83
52,Tillie,Winslett,twinslett1f@theatlantic.com,Non-binary,90
53,Demeter,Widdall,dwiddall1g@flavors.me,Bigender,90
54,Gregory,Criag,gcriag1h@purevolume.com,Polygender,50
55,Hiram,Bringloe,hbringloe1i@pen.io,Polygender,50
56,Guillermo,Batrick,gbatrick1j@macromedia.com,Bigender,29
57,Salvador,Dusting,sdusting1k@tripod.com,Non-binary,96
58,Brynna,Worsom,bworsom1l@wp.com,Male,66
59,Lynna,Gionettitti,lgionettitti1m@unc.edu,Polygender,70
60,Geraldine,Beddie,gbeddie1n@earthlink.net,Bigender,86
61,Page,Merrell,pmerrell1o@slideshare.net,Male,1
62,Kennan,Visco,kvisco1p@jiathis.com,Female,94
63,Adrianne,Gommowe,agommowe1q@deliciousdays.com,Male,100
64,Carla,Rumney,crumney1r@weibo.com,Polygender,56
65,Eloise,Snoddon,esnoddon1s@elegantthemes.com,Genderfluid,332
66,Alejoa,Abrahamoff,aabrahamoff1t@com.com,Polygender,28
67,Bunnie,Ozanne,bozanne1u@whitehouse.gov,Male,92
68,Letty,Liddell,lliddell1v@nps.gov,Genderfluid,85
69,Ruthy,Bessett,rbessett1w@google.com.hk,Genderqueer,7
70,Ambur,Aickin,aaickin1x@about.com,Male,60
71,Zane,Brickham,zbrickham1y@soundcloud.com,Genderqueer,5
72,Eleanora,Kamenar,ekamenar1z@examiner.com,Male,47
73,Liane,Cackett,lcackett20@jigsy.com,Genderqueer,40
74,Curry,Smalecombe,csmalecombe21@washington.edu,Male,69
75,Andy,Belchem,abelchem22@artisteer.com,Genderfluid,37
76,Misty,Blanc,mblanc23@amazon.co.jp,Male,74
77,Rudolf,Kalewe,rkalewe24@fotki.com,Male,12
78,Richy,Cornilleau,rcornilleau25@nhs.uk,Bigender,88
79,Prudi,Longthorn,plongthorn26@lulu.com,Non-binary,4
80,Gabie,Rothon,grothon27@ehow.com,Genderqueer,4444
81,Alex,Darth,adarth28@ezinearticles.com,Female,98
82,Wanids,Sifflett,wsifflett29@taobao.com,Polygender,20
83,Randy,Bauldrey,rbauldrey2a@jugem.jp,Bigender,81
84,Tildi,Phythien,tphythien2b@ustream.tv,Genderfluid,76
85,Dido,Megany,dmegany2c@unesco.org,Non-binary,65
86,Rogerio,Akid,rakid2d@latimes.com,Female,3
87,Peder,Murrie,pmurrie2e@bloglovin.com,Male,69
88,Kain,Dumphries,kdumphries2f@hugedomains.com,Male,93
89,Ebonee,Eastbury,eeastbury2g@smh.com.au,Genderqueer,16
90,Zachariah,Meins,zmeins2h@weather.com,Male,-69
91,Judas,Maffin,jmaffin2i@dropbox.com,Male,3
92,Yuri,Fahey,yfahey2j@pbs.org,Non-binary,37
93,Fairfax,Juleff,fjuleff2k@narod.ru,Polygender,84
94,Sheree,Cockin,scockin2l@accuweather.com,Female,94
95,Byron,Whittleton,bwhittleton2m@theatlantic.com,Non-binary,2
96,Baxy,Marcu,bmarcu2n@list-manage.com,Agender,64
97,Kattie,Claxson,kclaxson2o@booking.com,Female,18
98,Clem,Fullerd,cfullerd2p@creativecommons.org,Bigender,55
99,Desdemona,Jurasek,djurasek2q@aboutads.info,Genderfluid,46
100,Mable,Toffano,mtoffano2r@myspace.com,Bigender,233
